Image,Title,Description,Keywords,Image Prompt
2026-07-09_22-41.png,Minimal Desk Setup Ideas for a Clean Workspace,"Create a calm and clutter-free workspace with a minimal desk setup featuring neutral tones, smart storage, simple decor, and productivity-focused essentials.","minimal desk setup, clean workspace, minimalist office, home office ideas, desk organization, productivity setup, aesthetic desk, modern workspace",
2026-07-09_22-48.png,Minimal Desk Setup Ideas for a Clean and Productive Workspace,"Create a calm, clutter-free workspace with a minimal desk setup that blends style and function. From neutral decor and smart storage to sleek accessories and cozy lighting, these ideas will help you design a clean desk that boosts focus and productivity.","minimal desk setup, minimalist desk, clean workspace, desk setup ideas, home office decor, minimalist office, productivity setup, aesthetic desk setup, clutter free desk, modern desk setup, neutral workspace, simple desk decor",
coffee_bar_ideas.png,25 Cozy Coffee Bar Ideas to Create the Perfect Home Café,"Transform any corner of your home into a stylish coffee station with these cozy coffee bar ideas. From small-space setups to farmhouse shelves and modern countertop styling, discover easy ways to organize mugs, syrups, pods, and décor for a café-inspired look you’ll love every morning.","coffee bar ideas, home coffee bar, coffee station ideas, kitchen coffee bar, small coffee bar, farmhouse coffee bar, coffee bar decor, coffee nook, coffee corner, DIY coffee bar, coffee bar organization, modern coffee bar, cozy kitchen ideas, home cafe ideas","Vertical Pinterest pin, 2:3 ratio, bright cozy home kitchen coffee bar setup, warm neutral tones, wooden floating shelves, espresso machine on a white countertop, neatly arranged mugs, glass jars with coffee beans and sugar, syrup bottles, small plants, framed coffee art, soft morning light, modern farmhouse style, clean and inviting composition, text overlay space at top, high-resolution lifestyle photography style."
home_office_setup.png,"Home Office Setup Ideas for a Stylish, Productive Workspace","Create a home office that inspires focus and looks beautiful with these smart setup ideas. From ergonomic desk layouts to cozy decor, storage solutions, and small-space organization tips, this guide will help you design a productive workspace you’ll love using every day.","home office setup, home office ideas, work from home setup, desk setup, office decor, small home office, ergonomic workspace, productivity tips, home office organization, minimalist office, cozy office, modern home office, desk organization, workspace design","Vertical Pinterest pin, bright modern home office setup with a clean wooden desk, ergonomic chair, laptop, monitor, stylish desk lamp, neutral decor, plants, floating shelves, organized stationery, cozy natural light, minimalist aesthetic, warm beige and white color palette, text overlay space at top, high-resolution lifestyle photography, 2:3 aspect ratio, Pinterest-friendly design"
kitchen_organization.png,15 Kitchen Organization Ideas to Maximize Space and Reduce Clutter,"Transform your kitchen into a clean, functional, and clutter-free space with these smart kitchen organization ideas. From pantry storage and drawer dividers to cabinet hacks and countertop solutions, these tips will help you create a more organized kitchen that feels bigger, brighter, and easier to use every day.","kitchen organization, kitchen storage ideas, pantry organization, small kitchen organization, kitchen cabinet organization, kitchen drawer organizers, decluttering kitchen, kitchen organization hacks, kitchen counter organization, home organization, kitchen pantry storage, cabinet storage solutions","Vertical Pinterest pin, bright modern kitchen with white cabinets, neatly organized pantry shelves, labeled glass jars, woven baskets, drawer dividers, tidy countertops, warm natural lighting, clean minimalist aesthetic, soft beige and white color palette, text overlay area at top, high-resolution lifestyle photography, 2:3 aspect ratio, inviting and practical home organization inspiration"
living_room_decor.png,21 Cozy Living Room Decor Ideas to Make Your Space Look Stylish and Expensive,"Transform your living room into a warm, inviting, and beautifully styled space with these easy decor ideas. From cozy textures and neutral color palettes to statement lighting, layered rugs, and chic coffee table styling, these living room decor tips will help you create a polished designer look on any budget.","living room decor, cozy living room, modern living room, small living room ideas, neutral living room, home decor ideas, apartment living room, cozy home decor, living room inspiration, budget home decor, farmhouse living room, minimalist living room, coffee table decor, interior design ideas, stylish living room","Vertical Pinterest pin, 2:3 ratio, bright cozy modern living room with neutral beige sofa, layered throw pillows, soft textured blanket, round wooden coffee table with candles and books, large area rug, warm natural light, indoor plants, elegant wall art, stylish floor lamp, Scandinavian modern farmhouse style, clean uncluttered layout, high-end interior design look, inviting and aspirational, space for text overlay at top, photorealistic, warm tones, high resolution."
minimal_desk_setup.png,"Minimal Desk Setup Ideas for a Clean, Productive Workspace","Create a calm and clutter-free workspace with these minimal desk setup ideas. Discover simple organization tips, neutral decor inspiration, and aesthetic office essentials to design a productive home office that feels clean, modern, and focused.","minimal desk setup, minimalist workspace, clean desk setup, home office ideas, desk organization, aesthetic desk setup, modern office decor, productivity workspace, neutral desk decor, small desk setup, clutter-free desk, work from home setup, minimalist office, simple workspace ideas","Vertical Pinterest pin, modern minimal desk setup in a bright home office, clean white desk, sleek laptop, neutral beige and white decor, small plant, minimal desk lamp, organized stationery, soft natural window light, calming aesthetic, clutter-free workspace, Scandinavian style, high-end editorial photography, warm tones, vertical 2:3 composition, text space at top, crisp and inviting design"
minimal_kitchen.png,"Minimal Kitchen Ideas for a Clean, Modern Home","Create a calm and clutter-free cooking space with these minimal kitchen ideas. From sleek cabinets and neutral tones to smart storage and natural textures, discover how to design a modern kitchen that feels bright, functional, and effortlessly stylish.","minimal kitchen, minimalist kitchen, modern kitchen design, clean kitchen ideas, neutral kitchen decor, small kitchen organization, sleek kitchen cabinets, clutter-free kitchen, Scandinavian kitchen, white kitchen design, kitchen storage ideas, simple kitchen decor, modern home interiors","Vertical Pinterest pin, 2:3 ratio, bright minimal kitchen interior with white flat-panel cabinets, light oak accents, marble countertop, hidden storage, matte black fixtures, soft natural light, clean uncluttered surfaces, neutral beige and white color palette, modern Scandinavian style, elegant home decor aesthetic, high-end interior photography, text overlay space at top, crisp and airy composition."
modern_workspace.png,"Modern Workspace Ideas for a Clean, Productive Home Office","Create a sleek and inspiring modern workspace with minimalist decor, smart storage, cozy lighting, and a clutter-free desk setup. Perfect for home offices, remote work, creative studios, and productivity-focused interiors.","modern workspace, home office ideas, minimalist desk setup, modern home office, workspace design, office decor, productive workspace, desk organization, clean desk setup, remote work setup, aesthetic workspace, small office ideas, modern interior design","Vertical Pinterest pin, 2:3 ratio, bright modern home workspace with a sleek white desk, ergonomic chair, laptop, neutral color palette, warm natural light, floating shelves, minimal decor, indoor plants, stylish desk lamp, organized stationery, cozy yet professional atmosphere, Scandinavian-inspired interior, high-resolution, clean composition, magazine-style photography, no text overlay"
scandinavian_bedroom.png,"Scandinavian Bedroom Ideas for a Calm, Cozy Minimalist Retreat","Create a peaceful Scandinavian bedroom with soft neutrals, natural wood, cozy layered bedding, and minimalist decor. These Nordic-inspired bedroom ideas are perfect for designing a bright, relaxing space that feels warm, stylish, and clutter-free.","Scandinavian bedroom, Nordic bedroom, minimalist bedroom, cozy bedroom ideas, neutral bedroom decor, Scandinavian decor, Japandi bedroom, natural wood bedroom, white bedroom ideas, cozy minimalist decor, bedroom inspiration, modern bedroom design, hygge bedroom, small bedroom decor","Vertical Pinterest pin, bright Scandinavian bedroom interior, soft white walls, natural light streaming through sheer curtains, light oak wood bed frame, layered beige and white linen bedding, cozy knit throw blanket, minimal bedside table, ceramic lamp, neutral rug, subtle greenery, clean Nordic design, warm hygge atmosphere, airy minimalist styling, high-end interior photography, 2:3 aspect ratio, no text overlay"
small_bedroom_ideas.png,Small Bedroom Ideas That Make Tiny Spaces Feel Bigger,"Transform your small bedroom into a stylish, cozy, and functional retreat with smart storage, space-saving furniture, light colors, and clever layout ideas. Perfect for apartments, guest rooms, and tiny bedrooms that need maximum style in minimal space.","small bedroom ideas, tiny bedroom decor, small bedroom design, space saving bedroom, bedroom storage ideas, small room organization, cozy bedroom ideas, apartment bedroom decor, minimalist bedroom, small bedroom layout, tiny room ideas, bedroom makeover, small space living, modern bedroom ideas, budget bedroom decor","Vertical Pinterest pin, 2:3 ratio, bright airy small bedroom makeover, cozy modern style, neutral color palette with soft white walls, beige bedding, light wood furniture, floating shelves, under-bed storage, wall-mounted sconces, large mirror reflecting natural light, minimal decor, space-saving layout, clean and organized, stylish apartment bedroom, text overlay area at top reading “Small Bedroom Ideas”, high-resolution, warm natural lighting, magazine-style interior photography."
tiny_apartment_storage.png,Tiny Apartment Storage Ideas That Instantly Maximize Small Spaces,"Discover smart tiny apartment storage solutions that make every inch count. From hidden storage furniture to vertical shelving and clever closet hacks, these space-saving ideas will help you organize your small apartment without sacrificing style.","tiny apartment storage, small apartment organization, apartment storage ideas, small space storage, studio apartment storage, space saving furniture, vertical storage ideas, closet organization, hidden storage ideas, small apartment hacks, minimalist apartment, tiny home organization, renter friendly storage, decluttering tips","Vertical Pinterest pin, bright modern tiny apartment interior, stylish small space with multifunctional furniture, bed with built-in drawers, floating shelves, woven baskets, organized closet corner, neutral colors with warm wood accents, clean minimalist aesthetic, natural light, cozy and inviting, text overlay space at top reading “Tiny Apartment Storage Ideas”, high-resolution, 2:3 aspect ratio, Pinterest-worthy design."
